{
    "stores": [
      {
        "Id": 1,
        "Title": "Adopt",
        "Subtitle": "lorem ipsum doler ete ipsum ena teler gote itsu"
       
      },
      {
        "Id": 2,
        "Title": "Agatha",
        "Subtitle": "lorem ipsum doler ete ipsum ena teler gote itsu"
      },
      {
        "Id": 3,
        "Title": "Beta",
        "Subtitle": "lorem ipsum doler ete ipsum ena teler gote itsu"
      },
      {
        "Id": 4,
        "Title": "Beta",
        "Subtitle": "lorem ipsum doler ete ipsum ena teler gote itsu"
      },
      {
        "Id": 5,
        "Title": "Beta",
        "Subtitle": "lorem ipsum doler ete ipsum ena teler gote itsu"
      },
      {
        "Id": 6,
        "Title": "Beta",
        "Subtitle": "lorem ipsum doler ete ipsum ena teler gote itsu"
      },
      {
        "Id": 7,
        "Title": "Beta",
        "Subtitle": "lorem ipsum doler ete ipsum ena teler gote itsu"
      }
    ]
}